symbol,exchange,currency,region,price_scale
AAPL,XNYS,USD,US,1
MSFT,XNYS,USD,US,1
NVDA,XNYS,USD,US,1
AMZN,XNYS,USD,US,1
GOOGL,XNYS,USD,US,1
META,XNYS,USD,US,1
BRK-B,XNYS,USD,US,1
TSLA,XNYS,USD,US,1
AVGO,XNYS,USD,US,1
JPM,XNYS,USD,US,1
LLY,XNYS,USD,US,1
V,XNYS,USD,US,1
UNH,XNYS,USD,US,1
XOM,XNYS,USD,US,1
MA,XNYS,USD,US,1
JNJ,XNYS,USD,US,1
PG,XNYS,USD,US,1
COST,XNYS,USD,US,1
HD,XNYS,USD,US,1
ABBV,XNYS,USD,US,1
WMT,XNYS,USD,US,1
BAC,XNYS,USD,US,1
NFLX,XNYS,USD,US,1
CRM,XNYS,USD,US,1
KO,XNYS,USD,US,1
CVX,XNYS,USD,US,1
MRK,XNYS,USD,US,1
AMD,XNYS,USD,US,1
PEP,XNYS,USD,US,1
TMO,XNYS,USD,US,1
ORCL,XNYS,USD,US,1
CSCO,XNYS,USD,US,1
ACN,XNYS,USD,US,1
ADBE,XNYS,USD,US,1
MCD,XNYS,USD,US,1
LIN,XNYS,USD,US,1
ABT,XNYS,USD,US,1
WFC,XNYS,USD,US,1
TXN,XNYS,USD,US,1
DHR,XNYS,USD,US,1
IBM,XNYS,USD,US,1
GE,XNYS,USD,US,1
CAT,XNYS,USD,US,1
PM,XNYS,USD,US,1
INTU,XNYS,USD,US,1
QCOM,XNYS,USD,US,1
VZ,XNYS,USD,US,1
AMGN,XNYS,USD,US,1
ISRG,XNYS,USD,US,1
DIS,XNYS,USD,US,1
NOW,XNYS,USD,US,1
CMCSA,XNYS,USD,US,1
SPGI,XNYS,USD,US,1
PFE,XNYS,USD,US,1
GS,XNYS,USD,US,1
UBER,XNYS,USD,US,1
AMAT,XNYS,USD,US,1
UNP,XNYS,USD,US,1
RTX,XNYS,USD,US,1
BKNG,XNYS,USD,US,1
LOW,XNYS,USD,US,1
AXP,XNYS,USD,US,1
T,XNYS,USD,US,1
HON,XNYS,USD,US,1
NKE,XNYS,USD,US,1
BLK,XNYS,USD,US,1
SYK,XNYS,USD,US,1
PGR,XNYS,USD,US,1
ELV,XNYS,USD,US,1
NEE,XNYS,USD,US,1
TJX,XNYS,USD,US,1
LMT,XNYS,USD,US,1
BA,XNYS,USD,US,1
MDT,XNYS,USD,US,1
COP,XNYS,USD,US,1
DE,XNYS,USD,US,1
ADP,XNYS,USD,US,1
SBUX,XNYS,USD,US,1
GILD,XNYS,USD,US,1
C,XNYS,USD,US,1
PLD,XNYS,USD,US,1
MMC,XNYS,USD,US,1
BX,XNYS,USD,US,1
MDLZ,XNYS,USD,US,1
ADI,XNYS,USD,US,1
VRTX,XNYS,USD,US,1
CB,XNYS,USD,US,1
REGN,XNYS,USD,US,1
LRCX,XNYS,USD,US,1
SCHW,XNYS,USD,US,1
ETN,XNYS,USD,US,1
MU,XNYS,USD,US,1
KLAC,XNYS,USD,US,1
CI,XNYS,USD,US,1
CMG,XNYS,USD,US,1
ANET,XNYS,USD,US,1
PANW,XNYS,USD,US,1
MO,XNYS,USD,US,1
SO,XNYS,USD,US,1
BSX,XNYS,USD,US,1
ZTS,XNYS,USD,US,1
WM,XNYS,USD,US,1
CVS,XNYS,USD,US,1
TGT,XNYS,USD,US,1
ITW,XNYS,USD,US,1
EQIX,XNYS,USD,US,1
MS,XNYS,USD,US,1
APH,XNYS,USD,US,1
BDX,XNYS,USD,US,1
EOG,XNYS,USD,US,1
CL,XNYS,USD,US,1
DUK,XNYS,USD,US,1
PNC,XNYS,USD,US,1
SLB,XNYS,USD,US,1
ICE,XNYS,USD,US,1
PYPL,XNYS,USD,US,1
CME,XNYS,USD,US,1
NOC,XNYS,USD,US,1
FDX,XNYS,USD,US,1
SHW,XNYS,USD,US,1
EMR,XNYS,USD,US,1
AON,XNYS,USD,US,1
USB,XNYS,USD,US,1
PSA,XNYS,USD,US,1
MCK,XNYS,USD,US,1
CSX,XNYS,USD,US,1
GD,XNYS,USD,US,1
APD,XNYS,USD,US,1
ORLY,XNYS,USD,US,1
MAR,XNYS,USD,US,1
AJG,XNYS,USD,US,1
WELL,XNYS,USD,US,1
ROP,XNYS,USD,US,1
HCA,XNYS,USD,US,1
NXPI,XNYS,USD,US,1
AZO,XNYS,USD,US,1
AFL,XNYS,USD,US,1
CTAS,XNYS,USD,US,1
OKE,XNYS,USD,US,1
SRE,XNYS,USD,US,1
ECL,XNYS,USD,US,1
TRV,XNYS,USD,US,1
PCAR,XNYS,USD,US,1
F,XNYS,USD,US,1
GM,XNYS,USD,US,1
DAL,XNYS,USD,US,1
WBD,XNYS,USD,US,1
GEV,XNYS,USD,US,1
GEHC,XNYS,USD,US,1
SOLV,XNYS,USD,US,1
KVUE,XNYS,USD,US,1
MMM,XNYS,USD,US,1
SMCI,XNYS,USD,US,1
DECK,XNYS,USD,US,1
FAST,XNYS,USD,US,1
XRX,XNYS,USD,US,1
AMC,XNYS,USD,US,1
SHEL.L,XLON,GBp,EU,0.01
AZN.L,XLON,GBp,EU,0.01
HSBA.L,XLON,GBp,EU,0.01
ULVR.L,XLON,GBp,EU,0.01
BP.L,XLON,GBp,EU,0.01
RIO.L,XLON,GBp,EU,0.01
GSK.L,XLON,GBp,EU,0.01
DGE.L,XLON,GBp,EU,0.01
REL.L,XLON,GBp,EU,0.01
BATS.L,XLON,GBp,EU,0.01
LSEG.L,XLON,GBp,EU,0.01
NG.L,XLON,GBp,EU,0.01
BARC.L,XLON,GBp,EU,0.01
LLOY.L,XLON,GBp,EU,0.01
VOD.L,XLON,GBp,EU,0.01
GLEN.L,XLON,GBp,EU,0.01
AAL.L,XLON,GBp,EU,0.01
PRU.L,XLON,GBp,EU,0.01
TSCO.L,XLON,GBp,EU,0.01
BA.L,XLON,GBp,EU,0.01
SAP.DE,XETR,EUR,EU,1
SIE.DE,XETR,EUR,EU,1
ALV.DE,XETR,EUR,EU,1
DTE.DE,XETR,EUR,EU,1
BAS.DE,XETR,EUR,EU,1
BAYN.DE,XETR,EUR,EU,1
BMW.DE,XETR,EUR,EU,1
MC.PA,XPAR,EUR,EU,1
OR.PA,XPAR,EUR,EU,1
TTE.PA,XPAR,EUR,EU,1
SAN.PA,XPAR,EUR,EU,1
AIR.PA,XPAR,EUR,EU,1
BNP.PA,XPAR,EUR,EU,1
ASML.AS,XAMS,EUR,EU,1
